,epoch,train_loss,val_loss
0,1,2589.1352066993713,0.0
1,2,2212.2073092460632,0.0
